date,temp_mean_C,temp_max_C,temp_min_C,temp_range_C,flow_mean_cfs,flow_min_cfs,flow_max_cfs,flow_log_mean,temp_change_1d,flow_change_1d,day_of_year,month,n_obs
2024-06-01,8.591666666666667,10.5,7.6,2.9000000000000004,211.84375,206.0,218.0,5.360558328441591,0.8354166666666671,-3.71875,153,6,96
2024-06-02,8.545833333333333,10.1,7.6,2.5,208.84375,206.0,212.0,5.346363206157611,-0.04583333333333428,-3.0,154,6,96
2024-06-03,8.632291666666667,10.5,7.8,2.7,206.79166666666666,198.0,209.0,5.336535975198177,0.08645833333333464,-2.052083333333343,155,6,96
2024-06-04,8.638541666666667,10.5,7.7,2.8,207.65625,206.0,209.0,5.340688161058142,0.006249999999999645,0.8645833333333428,156,6,96
2024-06-05,8.817021276595744,10.8,7.9,2.9000000000000004,208.4255319148936,206.0,210.0,5.3443682199191525,0.1784796099290773,0.769281914893611,157,6,94
2024-06-06,8.356250000000001,9.0,8.0,1.0,209.28125,206.0,212.0,5.348445920388592,-0.460771276595743,0.855718085106389,158,6,96
2024-06-07,8.585416666666667,10.6,7.8,2.8,208.9375,206.0,212.0,5.346809867372512,0.22916666666666607,-0.34375,159,6,96
2024-06-08,8.434375000000001,9.7,7.8,1.8999999999999995,209.09375,206.0,212.0,5.34755385966931,-0.15104166666666607,0.15625,160,6,96
2024-06-09,8.301041666666666,9.6,7.9,1.6999999999999993,211.40625,209.0,215.0,5.358500714546912,-0.13333333333333464,2.3125,161,6,96
2024-06-10,8.605208333333334,10.0,7.8,2.2,206.9375,203.0,212.0,5.337237553778696,0.30416666666666714,-4.46875,162,6,96
2024-06-11,8.466666666666667,9.4,7.9,1.5,203.63541666666666,202.0,205.0,5.321229940524724,-0.13854166666666679,-3.302083333333343,163,6,96
2024-06-12,8.719791666666667,10.3,8.0,2.3000000000000007,203.40625,202.0,205.0,5.320109435161486,0.2531250000000007,-0.2291666666666572,164,6,96
2024-06-13,8.961458333333333,10.9,7.9,3.0,202.21875,199.0,205.0,5.3142829850694255,0.24166666666666536,-1.1875,165,6,96
2024-06-14,8.770833333333334,10.2,8.1,2.0999999999999996,205.84375,202.0,217.0,5.331963677319196,-0.19062499999999893,3.625,166,6,96
2024-06-15,9.174999999999999,11.0,8.2,2.8000000000000007,208.03125,205.0,214.0,5.342483762318682,0.404166666666665,2.1875,167,6,96
2024-06-16,9.042105263157895,10.9,8.1,2.8000000000000007,203.1263157894737,201.0,207.0,5.3187389972685,-0.13289473684210407,-4.9049342105263065,168,6,95
2024-06-17,9.271875,11.3,8.2,3.1000000000000014,202.65625,201.0,207.0,5.316433523532654,0.22976973684210478,-0.4700657894736935,169,6,96
2024-06-18,9.352083333333333,11.0,8.4,2.5999999999999996,201.1875,198.0,204.0,5.30919548469522,0.08020833333333321,-1.46875,170,6,96
2024-06-19,9.372916666666667,10.7,8.6,2.0999999999999996,199.9375,198.0,204.0,5.302993914431939,0.020833333333333925,-1.25,171,6,96
2024-06-20,9.403125000000001,10.9,8.6,2.3000000000000007,199.0625,195.0,201.0,5.298629817730082,0.03020833333333428,-0.875,172,6,96
2024-06-21,9.485416666666667,10.9,8.6,2.3000000000000007,204.41666666666666,198.0,265.0,5.3250404366887905,0.08229166666666643,5.354166666666657,173,6,96
2024-06-22,9.625,10.5,8.9,1.5999999999999996,212.77083333333334,204.0,242.0,5.364904568954318,0.1395833333333325,8.354166666666686,174,6,96
2024-06-23,10.114583333333334,11.6,9.2,2.4000000000000004,221.3125,211.0,236.0,5.404084049708674,0.4895833333333339,8.541666666666657,175,6,96
2024-06-24,9.720833333333333,10.8,8.9,1.9000000000000004,206.34375,197.0,215.0,5.3343780439665816,-0.3937500000000007,-14.96875,176,6,96
2024-06-25,9.663541666666667,11.7,8.8,2.8999999999999986,235.89583333333334,203.0,264.0,5.467620522716832,-0.057291666666666075,29.552083333333343,177,6,96
2024-06-26,9.569791666666667,11.0,8.8,2.1999999999999993,262.1458333333333,196.0,275.0,5.572708377866085,-0.09375,26.24999999999997,178,6,96
2024-06-27,9.6875,11.3,8.8,2.5,266.875,262.0,272.0,5.590520453793741,0.11770833333333286,4.729166666666686,179,6,96
2024-06-28,9.543750000000001,11.1,8.8,2.299999999999999,263.3958333333333,259.0,269.0,5.577447348902274,-0.14374999999999893,-3.4791666666666856,180,6,96
2024-06-29,9.313541666666667,10.0,9.0,1.0,265.6145833333333,263.0,267.0,5.585804107423847,-0.23020833333333357,2.21875,181,6,96
2024-06-30,9.78125,10.6,9.2,1.4000000000000004,277.8229166666667,267.0,319.0,5.63057687302149,0.4677083333333325,12.208333333333371,182,6,96
2024-07-01,9.875,11.4,9.2,2.200000000000001,308.15625,271.0,331.0,5.733846812523496,0.09375,30.333333333333314,183,7,96
2024-07-02,9.805208333333333,11.1,9.2,1.9000000000000004,321.09375,316.0,327.0,5.774842652237067,-0.06979166666666714,12.9375,184,7,96
2024-07-03,9.916666666666666,11.2,9.2,2.0,318.2083333333333,312.0,323.0,5.7658439721688755,0.11145833333333321,-2.8854166666666856,185,7,96
2024-07-04,9.722916666666666,10.1,9.4,0.6999999999999993,318.5520833333333,316.0,323.0,5.766920275659871,-0.19374999999999964,0.34375,186,7,96
2024-07-05,10.014583333333333,11.2,9.6,1.5999999999999996,319.625,319.0,323.0,5.770272215925034,0.2916666666666661,1.0729166666666856,187,7,96
2024-07-06,10.327083333333333,11.2,9.8,1.3999999999999986,322.0,319.0,330.0,5.777652323222656,0.3125,2.375,188,7,96
2024-07-07,10.4125,11.7,9.9,1.799999999999999,316.96875,311.0,322.0,5.7619531075110695,0.08541666666666714,-5.03125,189,7,96
2024-07-08,10.403125000000001,11.3,9.9,1.4000000000000004,314.4166666666667,311.0,318.0,5.753894516083549,-0.009374999999998579,-2.5520833333333144,190,7,96
2024-07-09,10.870833333333332,11.9,10.0,1.9000000000000004,326.15625,311.0,351.0,5.790437885519628,0.46770833333333073,11.739583333333314,191,7,96
2024-07-10,11.353125,12.6,10.6,2.0,330.8229166666667,318.0,348.0,5.804601443082753,0.48229166666666856,4.666666666666686,192,7,96
2024-07-11,11.126041666666666,12.5,10.4,2.0999999999999996,320.2916666666667,314.0,329.0,5.7723493294850154,-0.22708333333333464,-10.53125,193,7,96
2024-07-12,10.908333333333333,11.9,10.4,1.5,316.0104166666667,314.0,321.0,5.758934633484611,-0.2177083333333325,-4.28125,194,7,96
2024-07-13,11.002083333333333,12.3,10.5,1.8000000000000007,315.71875,313.0,321.0,5.758014156086374,0.09375,-0.2916666666666856,195,7,96
2024-07-14,11.119791666666666,12.4,10.5,1.9000000000000004,313.625,310.0,317.0,5.75138145345548,0.11770833333333286,-2.09375,196,7,96
2024-07-15,11.295833333333334,12.9,10.7,2.200000000000001,275.4895833333333,242.0,317.0,5.622173146955566,0.1760416666666682,-38.135416666666686,197,7,96
2024-07-16,11.489583333333334,13.0,10.7,2.3000000000000007,258.15625,248.0,261.0,5.557431161651477,0.19374999999999964,-17.333333333333314,198,7,96
2024-07-17,11.559375000000001,13.0,10.8,2.1999999999999993,263.6979166666667,254.0,288.0,5.578589238656812,0.06979166666666714,5.541666666666686,199,7,96
2024-07-18,11.738541666666668,13.3,11.0,2.3000000000000007,267.625,264.0,278.0,5.593316354962674,0.17916666666666714,3.9270833333333144,200,7,96
2024-07-19,11.560416666666667,13.0,10.9,2.0999999999999996,261.4375,257.0,264.0,5.570012958444412,-0.17812500000000142,-6.1875,201,7,96
2024-07-20,11.451041666666667,12.2,10.9,1.299999999999999,260.4375,257.0,270.0,5.566195249202417,-0.109375,-1.0,202,7,96
2024-07-21,11.730526315789474,13.1,11.1,2.0,259.33684210526314,257.0,263.0,5.561976339077918,0.2794846491228071,-1.1006578947368553,203,7,95
2024-07-22,11.741666666666667,12.7,11.2,1.5,258.125,256.0,263.0,5.557310570755944,0.011140350877193228,-1.2118421052631447,204,7,96
2024-07-23,11.697916666666666,12.2,11.4,0.7999999999999989,260.0625,259.0,263.0,5.564759842257394,-0.043750000000001066,1.9375,205,7,96
2024-07-24,11.895833333333334,12.7,11.6,1.0999999999999996,259.5104166666667,256.0,263.0,5.56264284759805,0.19791666666666785,-0.5520833333333144,206,7,96
2024-07-25,12.027083333333332,12.8,11.6,1.200000000000001,257.6666666666667,256.0,263.0,5.555540231515109,0.13124999999999787,-1.84375,207,7,96
2024-07-26,12.280208333333334,13.7,11.6,2.0999999999999996,255.71875,252.0,259.0,5.547981127671642,0.2531250000000025,-1.9479166666666856,208,7,96
2024-07-27,12.298958333333333,13.4,11.7,1.700000000000001,254.67708333333334,252.0,259.0,5.5439152550243165,0.018749999999998934,-1.0416666666666572,209,7,96
2024-07-28,12.450000000000001,13.8,11.8,2.0,254.90625,252.0,255.0,5.544811166470462,0.15104166666666785,0.2291666666666572,210,7,96
2024-07-29,12.4,13.1,12.1,1.0,220.81052631578947,205.0,262.0,5.401823532382521,-0.05000000000000071,-34.095723684210526,211,7,95
2024-07-30,12.924999999999999,14.4,12.3,2.0999999999999996,205.96875,202.0,208.0,5.332567815685253,0.5249999999999986,-14.841776315789474,212,7,96
2024-07-31,12.905263157894737,14.0,12.5,1.5,204.93684210526317,202.0,208.0,5.327569530058707,-0.019736842105261942,-1.0319078947368325,213,7,95
2024-08-01,13.207368421052632,14.9,12.5,2.4000000000000004,203.3578947368421,202.0,205.0,5.31987284267163,0.30210526315789465,-1.578947368421069,214,8,95
2024-08-02,13.21875,14.4,12.6,1.8000000000000007,202.85416666666666,201.0,207.0,5.317404868922286,0.011381578947368354,-0.5037280701754412,215,8,96
2024-08-03,13.346315789473685,14.6,12.8,1.799999999999999,203.21052631578948,201.0,204.0,5.319151453450878,0.12756578947368524,0.3563596491228225,216,8,95
2024-08-04,13.238541666666668,14.0,12.9,1.0999999999999996,204.6875,201.0,216.0,5.326358026703558,-0.10777412280701704,1.4769736842105203,217,8,96
2024-08-05,13.947916666666666,15.8,13.0,2.8000000000000007,166.85416666666666,152.0,207.0,5.123095546869305,0.7093749999999979,-37.83333333333334,218,8,96
2024-08-06,13.545833333333334,14.0,13.2,0.8000000000000007,155.78125,152.0,162.0,5.054851521684526,-0.4020833333333318,-11.072916666666657,219,8,96
2024-08-07,13.586315789473685,14.2,13.2,1.0,161.90526315789472,159.0,165.0,5.0931688242198625,0.040482456140351175,6.124013157894723,220,8,95
2024-08-08,13.646315789473686,14.5,13.2,1.3000000000000007,159.9157894736842,159.0,162.0,5.0808811814004935,0.0600000000000005,-1.989473684210509,221,8,95
2024-08-09,14.345833333333333,15.2,13.4,1.799999999999999,167.92708333333334,159.0,186.0,5.129467162251538,0.6995175438596473,8.011293859649129,222,8,96
2024-08-10,14.866315789473683,16.6,13.7,2.900000000000002,170.3684210526316,162.0,184.0,5.1438157479559905,0.5204824561403498,2.4413377192982466,223,8,95
2024-08-11,14.30625,16.1,13.4,2.700000000000001,157.1875,154.0,162.0,5.0637810383053425,-0.5600657894736827,-13.18092105263159,224,8,96
2024-08-12,13.954166666666666,15.1,13.3,1.799999999999999,155.89583333333334,154.0,159.0,5.055582103193461,-0.35208333333333464,-1.2916666666666572,225,8,96
2024-08-13,14.277083333333332,16.4,13.3,3.099999999999998,155.05208333333334,152.0,157.0,5.050189819049546,0.3229166666666661,-0.84375,226,8,96
2024-08-14,14.06875,15.1,13.4,1.6999999999999993,154.09375,154.0,157.0,5.044029772787714,-0.20833333333333215,-0.9583333333333428,227,8,96
2024-08-15,14.416666666666666,16.2,13.5,2.6999999999999993,153.80208333333334,152.0,157.0,5.042147419290734,0.34791666666666643,-0.2916666666666572,228,8,96
2024-08-16,14.469791666666666,16.0,13.7,2.3000000000000007,153.9375,152.0,154.0,5.043021809795409,0.053124999999999645,0.1354166666666572,229,8,96
2024-08-17,14.59375,16.0,14.0,2.0,152.45833333333334,152.0,154.0,5.03342908609712,0.12395833333333428,-1.4791666666666572,230,8,96
2024-08-18,14.341052631578949,14.6,14.1,0.5,158.74736842105264,152.0,162.0,5.073593620014309,-0.2526973684210514,6.289035087719299,231,8,95
2024-08-19,14.859375,16.0,14.4,1.5999999999999996,165.9375,159.0,173.0,5.1176194908701795,0.5183223684210514,7.1901315789473585,232,8,96
2024-08-20,14.516666666666666,15.3,13.9,1.4000000000000004,164.10416666666666,162.0,167.0,5.106576587837591,-0.3427083333333343,-1.8333333333333428,233,8,96
2024-08-21,14.608333333333334,16.0,13.8,2.1999999999999993,162.75,159.0,165.0,5.098340874515361,0.09166666666666856,-1.3541666666666572,234,8,96
2024-08-22,14.758333333333333,15.8,13.9,1.9000000000000004,227.98958333333334,162.0,260.0,5.433676514892281,0.14999999999999858,65.23958333333334,235,8,96
2024-08-23,15.266666666666666,16.6,14.5,2.1000000000000014,254.90625,253.0,260.0,5.544811166470462,0.5083333333333329,26.916666666666657,236,8,96
2024-08-24,15.623958333333334,17.0,14.9,2.0999999999999996,253.40625,250.0,256.0,5.538932398774251,0.35729166666666856,-1.5,237,8,96
2024-08-25,15.864583333333334,16.9,15.2,1.6999999999999993,252.0,247.0,256.0,5.53338948872752,0.24062499999999964,-1.40625,238,8,96
2024-08-26,16.233333333333334,17.7,15.7,2.0,214.39583333333334,201.0,253.0,5.372477420678802,0.36875000000000036,-37.60416666666666,239,8,96
2024-08-27,16.583333333333332,18.0,15.8,2.1999999999999993,201.53125,198.0,204.0,5.31089419562799,0.34999999999999787,-12.864583333333343,240,8,96
2024-08-28,16.879166666666666,18.0,16.1,1.8999999999999986,199.9375,198.0,204.0,5.302993914431939,0.2958333333333343,-1.59375,241,8,96
2024-08-29,16.802083333333332,17.2,16.5,0.6999999999999993,200.375,198.0,201.0,5.305168841497139,-0.07708333333333428,0.4375,242,8,96
2024-08-30,17.145833333333332,18.2,16.6,1.5999999999999979,232.76041666666666,201.0,253.0,5.454296730455741,0.34375,32.38541666666666,243,8,96
2024-08-31,17.354166666666668,17.8,16.9,0.9000000000000021,252.0,250.0,253.0,5.53338948872752,0.2083333333333357,19.239583333333343,244,8,96
2024-09-01,17.84375,18.6,17.3,1.3000000000000007,250.96875,247.0,253.0,5.529305071885296,0.48958333333333215,-1.03125,245,9,96
2024-09-02,17.855208333333334,18.9,17.3,1.5999999999999979,249.21875,247.0,253.0,5.522335535272907,0.01145833333333357,-1.75,246,9,96
2024-09-03,17.755208333333332,19.6,16.1,3.5,133.584375,64.6,253.0,4.902191325776884,-0.10000000000000142,-115.634375,247,9,96
2024-09-04,17.860416666666666,20.8,16.0,4.800000000000001,65.10312499999999,64.6,66.7,4.191216022593378,0.10520833333333357,-68.48125,248,9,96
2024-09-05,17.927083333333332,20.8,16.2,4.600000000000001,65.16875,64.6,66.7,4.192208297109553,0.06666666666666643,0.06562500000001137,249,9,96
2024-09-06,18.058333333333334,19.5,16.6,2.8999999999999986,123.15520833333333,64.6,152.0,4.8215324630140755,0.13125000000000142,57.98645833333333,250,9,96
2024-09-07,18.161458333333332,18.9,17.6,1.2999999999999972,154.55208333333334,152.0,167.0,5.046980616589432,0.10312499999999858,31.39687500000001,251,9,96
2024-09-08,18.078125,19.7,17.4,2.3000000000000007,154.63541666666666,152.0,157.0,5.0475161993832485,-0.08333333333333215,0.08333333333331439,252,9,96
2024-09-09,18.407291666666666,20.5,17.3,3.1999999999999993,116.75,100.0,154.0,4.768563732896527,0.3291666666666657,-37.88541666666666,253,9,96
2024-09-10,18.39375,20.7,17.2,3.5,101.0,100.0,103.0,4.624972813284271,-0.013541666666665009,-15.75,254,9,96
2024-09-11,18.490624999999998,20.9,17.1,3.799999999999997,100.40625,100.0,103.0,4.619134726338464,0.09687499999999716,-0.59375,255,9,96
2024-09-12,18.681250000000002,21.1,17.3,3.8000000000000007,100.5,100.0,103.0,4.620058798481842,0.19062500000000426,0.09375,256,9,96
2024-09-13,18.976041666666667,21.2,17.6,3.599999999999998,100.125,100.0,103.0,4.616357375378656,0.294791666666665,-0.375,257,9,96
2024-09-14,19.172916666666666,21.3,18.0,3.3000000000000007,99.97708333333333,97.8,100.0,4.6148935934063156,0.19687499999999858,-0.14791666666667425,258,9,96
2024-09-15,19.140625,21.3,18.0,3.3000000000000007,99.79375,97.8,100.0,4.613076349746689,-0.03229166666666572,-0.1833333333333229,259,9,96
2024-09-16,18.853125000000002,21.2,17.7,3.5,93.30833333333334,87.5,100.0,4.546569556183895,-0.28749999999999787,-6.485416666666666,260,9,96
2024-09-17,18.743750000000002,20.8,17.5,3.3000000000000007,90.0,90.0,90.0,4.51085950651685,-0.109375,-3.308333333333337,261,9,96
2024-09-18,18.787499999999998,20.1,17.8,2.3000000000000007,89.97708333333333,89.9,90.0,4.510607643300141,0.04374999999999574,-0.022916666666674246,262,9,96
2024-09-19,19.246315789473684,21.5,18.1,3.3999999999999986,89.9778947368421,87.3,92.4,4.510616562028471,0.45881578947368595,0.0008114035087771754,263,9,95
2024-09-20,19.0,19.8,18.3,1.5,89.63333333333333,89.5,89.7,4.506822062970315,-0.24631578947368382,-0.3445614035087772,264,9,96
2024-09-21,18.953125,20.3,18.0,2.3000000000000007,89.44895833333334,89.4,89.5,4.504785695283373,-0.046875,-0.18437499999998863,265,9,96
2024-09-22,18.619791666666668,20.3,17.6,2.6999999999999993,89.471875,89.2,91.9,4.5050390289251325,-0.33333333333333215,0.022916666666660035,266,9,96
2024-09-23,18.470833333333335,19.6,17.5,2.1000000000000014,93.89687500000001,89.1,96.8,4.55279077567433,-0.14895833333333286,4.425000000000011,267,9,96
2024-09-24,18.702083333333334,19.7,18.0,1.6999999999999993,94.36562500000001,93.9,96.7,4.55771818857402,0.2312499999999993,0.46875,268,9,96
2024-09-25,18.653125,19.1,18.2,0.9000000000000021,95.31458333333335,93.8,96.5,4.567619743821945,-0.04895833333333499,0.9489583333333371,269,9,96
2024-09-26,18.96,19.4,18.6,0.7999999999999972,97.56842105263158,96.1,98.9,4.59075093701026,0.30687500000000156,2.2538377192982324,270,9,95
2024-09-27,19.414583333333333,21.0,18.8,2.1999999999999993,96.09791666666666,95.9,98.7,4.575719919522993,0.454583333333332,-1.4705043859649152,271,9,96
2024-09-28,19.404166666666665,20.7,18.8,1.8999999999999986,95.71666666666665,93.2,95.9,4.571785741968507,-0.010416666666667851,-0.3812500000000085,272,9,96
2024-09-29,18.833333333333332,19.5,18.1,1.3999999999999986,95.63541666666667,95.5,95.7,4.570945306185435,-0.5708333333333329,-0.08124999999998295,273,9,96
2024-09-30,19.18227848101266,20.9,18.0,2.8999999999999986,95.45443037974684,95.4,95.5,4.569070672767978,0.34894514767932705,-0.18098628691983265,274,9,79
