latitude,longitude,blue,green,red,nir,swir,ndvi,ndwi,ndbi,land_cover
41.83479120971119,-72.66589160566447,0.11151587519468295,0.09184208174356184,0.034708867394382475,0.07853734109820536,0.04805698509951765,0.3870193473778995,0.07808889373755368,-0.2407718964519908,water
41.83721286105539,-72.74669045550436,0.08702315627373403,0.07224788145395487,0.07633824944243009,0.05863190720483988,0.051138080663541495,-0.13118709111276974,0.10403420106837132,-0.06826844647449339,water
41.76868283976547,-72.72091793233596,0.09327508722095008,0.05382903536625052,0.07138155859962911,0.057899863947323896,0.04790438700426869,-0.10428176289140746,-0.036434875901250316,-0.0944714116224718,water
41.750905193625975,-72.52761851365732,0.11358726727933185,0.09670300982442571,0.03973193539259838,0.04800326022362205,0.012190188289361439,0.09427601742868255,0.3365420833847322,-0.5949662765464564,water
41.71085789841351,-72.60240727215695,0.10468572935446901,0.1080505839460526,0.0462912679069076,0.042227582362092134,0.0334777905637904,-0.04590757259573913,0.43800775056697655,-0.11557689316011961,water
41.71789427181686,-72.74622040861277,0.08854229557355603,0.06361456094305305,0.06349069973412552,0.04622911513233985,0.05163390980289187,-0.1573242228196785,0.15827443537833197,0.055228158685356944,water
41.82005302040045,-72.69878467324067,0.10993558808371207,0.09828586144980811,0.04937391895150872,0.037299686235814644,0.04412477519874877,-0.13930691690507896,0.44979849441918307,0.08382111275515276,water
41.707950496721864,-72.72802386735647,0.06044173618506033,0.09721546265012831,0.06324254282960161,0.06230992271758011,0.04903645155109839,-0.007428130606252622,0.21880868585329166,-0.11920883148339316,water
41.77178315510767,-72.63212728905225,0.06838781988765945,0.05687180441215841,0.06342014808952359,0.04826577236858795,0.03826180532405944,-0.13568743185153206,0.081854959064897,-0.11561593784658307,water
41.83299977148321,-72.61497323679984,0.09321476403947974,0.08355242964472481,0.04519750490313061,0.021849070074076365,0.031835869461618115,-0.34824202186303677,0.5854125390555709,0.18602608988507188,water
41.722916934563905,-72.6737825526316,0.11120418439608996,0.06403636915192044,0.0329151370844533,0.03688303352131979,0.02467968788833418,0.0568481437612105,0.26905961501296743,-0.19822622121886802,water
41.81238330294538,-72.63517164039126,0.1070338925463848,0.08985881241964325,0.05031934307200353,0.06884122307996207,0.018348645995385195,0.15543632097499072,0.13243594605077103,-0.5791105964494853,water
41.68454241462677,-72.75658755619834,0.10334156103578701,0.07771263381508324,0.03806358895168009,0.05006268650620181,0.01761560513565842,0.13615800159688396,0.21639505375026205,-0.4794311526397083,water
41.819264075015546,-72.66399936835074,0.08286127356578894,0.06809072534887259,0.061514129655944425,0.04170875663320342,0.014382495965805049,-0.1918699789818143,0.24027407269531417,-0.4871750834796194,water
41.7036011804241,-72.52990660721713,0.11451484144245641,0.09198242802864498,0.04329349807297598,0.07815058264086343,0.04893754519828973,0.28702168407879625,0.08130018585664471,-0.22986440936124783,water
41.8233780378318,-72.66316600944262,0.07633449371070954,0.05578345772920996,0.07513011982719209,0.04734657739001666,0.020118168239761515,-0.22684758054752366,0.08180817866918777,-0.4035946314787087,water
41.74119132483013,-72.62940291207511,0.0706063669763539,0.10139685704554252,0.0679259764917605,0.06316777735705621,0.031604651988755186,-0.036296154431519796,0.23230434550695064,-0.33304121869802006,water
41.80546176814049,-72.62813452808268,0.0989907960932892,0.055066659268393346,0.05079037010853048,0.02249685043171355,0.034699540962225946,-0.3860634837594936,0.41991148882520096,0.21334721007950494,water
41.74597224246656,-72.74242371089483,0.0662041780633531,0.08525867433066273,0.0385296484268443,0.07550720710260783,0.03905305698501975,0.32425971852769464,0.060656322977972514,-0.3182093757195267,water
41.749373960906965,-72.62636197221482,0.06136823226178185,0.10751355279448671,0.05411517184714501,0.06696411363501717,0.014136499996121928,0.10612006617568874,0.2324047540826847,-0.6513836489470375,water
41.77733166616763,-72.65241618146783,0.11626958729849897,0.08430368314256453,0.053674470052847686,0.036018539785513615,0.02657844986712761,-0.1968484533984577,0.4012986311424205,-0.1508074105603206,water
41.78413448049431,-72.66588302032069,0.06129672479281982,0.09957751545166146,0.07480803859198834,0.028414945339916647,0.03770180717695247,-0.44944538013623675,0.5559903268648406,0.14046155450037207,water
41.70171514822709,-72.60521757580965,0.07687402703034049,0.08956535808151411,0.06634973071434414,0.06611884951505942,0.015387047297794828,-0.0017429129147824,0.15060299903514895,-0.6224310657393283,water
41.863202369027526,-72.72014436236734,0.06224475337057078,0.08329114816348901,0.048546114193121936,0.06978738458794478,0.05041257360321509,0.17950344250466324,0.08821461332838483,-0.16118816741946768,water
41.743427778564545,-72.53224615728186,0.07745507028840712,0.08090342775390287,0.04279825452838014,0.0761626142029378,0.01823039087910091,0.28046499685466797,0.03018356795587794,-0.6137342833135455,water
41.68898212387847,-72.66687476439921,0.11954253384335022,0.10350063597529484,0.06743040097284747,0.0734475494527115,0.05467233198489316,0.042711783225747126,0.1698411681922041,-0.1465441370780694,water
41.78377167207729,-72.697858446524,0.10632074592665927,0.08969967579006566,0.0486828864436855,0.025668000083690915,0.0473394805674513,-0.309544209019221,0.5550226718309097,0.29683917717028263,water
41.732492103184576,-72.53642858086121,0.07445823450034109,0.057365475944689166,0.07155563360624531,0.029197058997469643,0.018963415407886954,-0.4204212663117831,0.32541118355697063,-0.2124905062904543,water
41.79987655830417,-72.55261386938226,0.07178607994287439,0.06861942037400569,0.06887024191205887,0.07830958556365804,0.035037059310117115,0.06413476502516323,-0.0659513424719113,-0.3817715672283902,water
41.70877950051025,-72.77637656519587,0.07377936179993132,0.05790933306719127,0.06388293368064288,0.027309950277711867,0.03531649658103165,-0.4010508475599135,0.35906641769840125,0.1278460890712652,water
41.81885248712858,-72.62890968160256,0.07198653909960345,0.09824747157093577,0.06577035648079008,0.0643390402349325,0.01655288757786566,-0.011000867592867798,0.20855623851805524,-0.590740682650741,water
41.70475076073007,-72.5388337367383,0.08385469162949644,0.06805692150685638,0.054429202267576665,0.05977185276581494,0.057781162852348494,0.046782847117096425,0.06481380102549196,-0.01693440107000418,water
41.73728924537641,-72.53954980837887,0.06149156948317538,0.08331188253960949,0.06169875558405426,0.0263538442250452,0.01701697985319563,-0.4014067890742332,0.5193786609083221,-0.21527984700050648,water
41.76382286386326,-72.52877970284277,0.09576255319406236,0.10598139329601267,0.07021804578064854,0.048042896093317494,0.04923817246260937,-0.18751034226468208,0.3761646778726108,0.012286834294020043,water
41.6835673567954,-72.75162256084091,0.10976571689296417,0.0978090252995097,0.04163203709832168,0.051846175435943206,0.04030079103500055,0.10926758290203169,0.30712497552835144,-0.12529315769264318,water
41.85354779075521,-72.62319213909193,0.08475429415642081,0.07245104260443097,0.051294104318675496,0.05911586153479845,0.05337453158761624,0.07084285513232814,0.10135665315587798,-0.05103840237214172,water
41.77077937641526,-72.71556171363265,0.07419974177985486,0.09476085681460678,0.07082843817119552,0.026316684791247498,0.013327942847758907,-0.45819853866628574,0.5652920526431461,-0.32762930861050515,water
41.79888673275129,-72.7419949565099,0.10947985142738048,0.06862008043544447,0.037193596648557134,0.07525822834924702,0.01827658613676391,0.33849723382820307,-0.04613723896168591,-0.6092024934844479,water
41.73694401646759,-72.74006051725007,0.0669294038199213,0.05126888098018641,0.032769770458213006,0.03047848825615116,0.012669096631358769,-0.03622680289760257,0.25432491489638903,-0.41275523696687216,water
41.7982287632222,-72.60301422303212,0.08361782740992169,0.06907946581712296,0.0552263118511115,0.07250029653407651,0.0525565813411103,0.1352418646463348,-0.024161862261556272,-0.15947715576964158,water
41.68869501240256,-72.73281041350491,0.07420469226626376,0.06496325454993271,0.05856163258713863,0.04497574554219154,0.012462705996379699,-0.13121722116602902,0.1818054465748504,-0.5660500705521038,water
41.754722827691914,-72.64382423333342,0.06610031417422296,0.10000751322731358,0.03259809332325521,0.07549051214108372,0.014955657078993774,0.39682646134221583,0.1396995837119244,-0.6692915309082239,water
41.84871499031955,-72.54531018257882,0.11877424083519555,0.09812155281641562,0.06897387703856644,0.05854899655973286,0.04894981772890645,-0.08174910260940521,0.2525845247511928,-0.08929567171831472,water
41.70691044168263,-72.64062231065361,0.09085337221142487,0.10145432864735346,0.05313996827967579,0.04310536976602121,0.041978163561855505,-0.10426061892878578,0.40363226764959687,-0.01324822982870161,water
41.73329266350017,-72.74366021315197,0.08867263644142474,0.0750133621156931,0.04162849702644368,0.04205070860690768,0.02831962249131237,0.005045597377130507,0.28157788555717406,-0.19512606948559078,water
41.74549911288251,-72.68133933927099,0.10114460072735672,0.06781258847427712,0.07744289633576702,0.07498088117229067,0.03404552141500393,-0.01615243503164199,-0.05020042384120218,-0.3754628125468128,water
41.74567224100094,-72.6407869546442,0.11091362932641746,0.08915524043360612,0.07021959139735387,0.051963336563944404,0.04164588146338104,-0.1494173951960963,0.2635507291878891,-0.11021836650266217,water
41.73763112283649,-72.58892777779933,0.0721442755875431,0.0916878877291099,0.07303595341629471,0.027926170238092636,0.04071898702709599,-0.4467990722206031,0.5330620712533667,0.18636153369978298,water
41.699019149645984,-72.59131393664943,0.06506959312941121,0.10615638936203756,0.036870396501890106,0.07753281475454482,0.05004420880425483,0.3554307419003288,0.15582611261860635,-0.2154667445868152,water
41.79873640089327,-72.57651773279632,0.10770689033898515,0.10676162376903982,0.04266916769195936,0.05540455372149855,0.014752459878220062,0.12985523385871653,0.31669409023677403,-0.5794444740082485,water
41.80323314000483,-72.73546426093587,0.09389703668834651,0.08434583084203098,0.05329925764906136,0.05135790653078737,0.04819616950032939,-0.018549624705460864,0.2430878098855599,-0.03175899125887861,water
41.839848943302414,-72.65204016395039,0.09597560649135672,0.10587417414140611,0.03598667942505614,0.02702621395400663,0.01438545059553842,-0.1422005083490864,0.5932861545204249,-0.30524644435252685,water
41.81157265700811,-72.6711618417945,0.10645928496851059,0.09027388479851556,0.04668188791641191,0.07390199284169215,0.048126607353532615,0.22573585087947884,0.09972166552203546,-0.2112241347268046,water
41.734106988182035,-72.68531007537926,0.07886639881225577,0.05945669891749998,0.03738916862710958,0.07616764780254465,0.03189520185993766,0.34148966477461457,-0.12321496316247225,-0.40969163853151347,water
41.756663964555486,-72.59028171574388,0.093179583915174,0.10616839921030774,0.06901507469546961,0.04876217384747242,0.028817973674041313,-0.1719593648056136,0.3705287099236773,-0.2570786574993349,water
41.87732630898487,-72.59338233863905,0.11707167960023046,0.057108714633022487,0.07252668395953912,0.05822443303947246,0.016096083916755627,-0.10938530582629578,-0.009673874588233865,-0.566846825722819,water
41.79765159999385,-72.60161494507258,0.06073816115331617,0.0772590777105048,0.07126997555981607,0.03772154152064539,0.03292740408992755,-0.3078077536475065,0.343862613145051,-0.0678585842900446,water
41.76846282541358,-72.70149887822495,0.11510651373093325,0.09687764212589095,0.03552942054980553,0.07982207947025438,0.05396000121538726,0.38397991281211125,0.09652286093929326,-0.19331496507097465,water
41.73678168757281,-72.56240688928816,0.06638517191228296,0.10994628382845431,0.06328423680532685,0.059007500933527815,0.014522036349206638,-0.03497158476013895,0.3014953643488234,-0.6050012855822344,water
41.859406679779326,-72.77246012916684,0.07444968348246882,0.0585813125099981,0.06883839703461092,0.03189225363277387,0.05553191135654426,-0.36678154223220666,0.2949928914607778,0.2704018703142179,water
41.8112538078655,-72.77059769527138,0.060325790047722025,0.053099475020863936,0.060296258882386385,0.06808890865156492,0.021927641031369422,0.060697430387492195,-0.1236870496698536,-0.5128086755467691,water
41.849881768584616,-72.76511969556016,0.10805783121850057,0.10566772581033682,0.06860541995521903,0.06188724703871823,0.05189901093276915,-0.05148314515491457,0.26129023822563013,-0.08778068884602865,water
41.68803025990941,-72.72753665121304,0.06749542075833859,0.08027185941157919,0.06725940641644224,0.05780071067458392,0.05255655498809675,-0.07563319115536822,0.16274882638146246,-0.04751980447319637,water
41.71104259848822,-72.58899851609685,0.07158248945213425,0.06624552507906802,0.0654952348640652,0.07881228709392091,0.040577180298853474,0.09228245381230273,-0.08663278334755511,-0.3202552756959654,water
41.69090006299826,-72.61975966781884,0.06254103309481002,0.10304874268200903,0.06547891425503104,0.030387670785350193,0.014586050291209903,-0.36604248972569114,0.5445370570787482,-0.3513523034316134,water
41.716706645776064,-72.5251929333159,0.08751363854750939,0.09704485690048448,0.061820417105388846,0.05434478899751824,0.017256512733252485,-0.06435341836563509,0.2820540840140084,-0.5179832680098752,water
41.86920489071162,-72.70165091554617,0.09468103294845254,0.09198655667534397,0.06246165776226544,0.07643566458173111,0.017421949496002898,0.10060674017068015,0.09233278113507605,-0.6287578867799936,water
41.78167054768939,-72.6749510584074,0.08845012376895708,0.05715305157186468,0.03670473049363827,0.03668453274687544,0.025235230188041566,-0.00027521391918913324,0.2181270860028044,-0.18490546501071198,water
41.76558064273627,-72.62114323777047,0.09807774704509578,0.07470865379513422,0.050439155471434856,0.03305771160181772,0.03941531242045041,-0.2081688149373106,0.3864929659629641,0.08772368621846457,water
41.74340818226345,-72.77062444308788,0.08510400264941162,0.07844796050541022,0.04127964341021055,0.054347475987326935,0.038288595021596046,0.13665404395160413,0.18148578862799544,-0.17335451288930473,water
41.82040043622207,-72.61153339462768,0.06262165282605159,0.07213499062768303,0.07724593331915723,0.4982689835719134,0.1760843653733857,0.7315588838724131,-0.7470740251103458,-0.4777682482076056,vegetation
41.805202496188215,-72.68622909304294,0.055636962230337914,0.10156939819375542,0.08318417320342246,0.5986854432697017,0.18547228027380291,0.7560114978177764,-0.7099073303613687,-0.5269515947998872,vegetation
41.78405502294812,-72.5720336932014,0.04572253458721007,0.1086167653641548,0.059648498791045404,0.38128131557052247,0.12936768911948268,0.7294422066812979,-0.5565740320642829,-0.49332050809335576,vegetation
41.8483986422079,-72.7655523416042,0.044030571806682794,0.07338910283510822,0.04037966671149563,0.4347512098465371,0.21655003367426112,0.8300271832299511,-0.7111463074133733,-0.33502342939301955,vegetation
41.682936568712016,-72.56493490962463,0.07282740117872791,0.07605831012340837,0.03921677394363809,0.5122269101451719,0.13555743226243627,0.8577668941537021,-0.7414236921040304,-0.5814735757316626,vegetation
41.75298387221565,-72.53080841296574,0.07977322362918185,0.104047342394821,0.04865769059524597,0.5356695632748449,0.21170282751292163,0.8334573981515377,-0.6747081670886826,-0.43347431582326285,vegetation
41.75756833903273,-72.6133689550076,0.03053638224878381,0.0646340361021569,0.06150529817803567,0.3942128521497399,0.14156789282394938,0.7300730807680231,-0.7182762365529033,-0.4715454254299437,vegetation
41.84726085811005,-72.52282541930227,0.05779847140142242,0.10873488116171993,0.08941929985957635,0.38823088991356913,0.17827192972306563,0.6255866666689904,-0.5624049482263161,-0.37062297470147637,vegetation
41.75851454316838,-72.75918718625199,0.06776650863973722,0.08036453191258151,0.05815961605142407,0.3906817029295748,0.14352046479001285,0.740845534526708,-0.6587828286558282,-0.4626735963926327,vegetation
41.86142072443125,-72.76839123686669,0.04164261424718531,0.07044415312201699,0.05941185254409519,0.5083401967139949,0.18412769686058666,0.7907119749836865,-0.7565789291228207,-0.4681986022193666,vegetation
41.69682306691138,-72.71664646194552,0.07217941923812707,0.09463120903349213,0.06894894300805646,0.5309548789448658,0.2191773924751388,0.7701333430962297,-0.697463831590942,-0.4156300139967722,vegetation
41.69162169634429,-72.68468181991751,0.056976371763083934,0.07369195383081283,0.08066873239723119,0.4802945773185694,0.21992158662971928,0.7123921261870044,-0.7339575975685884,-0.37184658694636874,vegetation
41.85040310337624,-72.64875421444509,0.0754776121935675,0.09109867583758864,0.0810164579300233,0.4419595148097115,0.18484620460909307,0.6901713954253034,-0.6582036354156149,-0.4101961775955436,vegetation
41.786282208200916,-72.75270527386702,0.04992762533507703,0.11421363707861733,0.06784993442188454,0.3979267772579812,0.16405123262924864,0.7086589658930021,-0.5539753009862968,-0.416164939755674,vegetation
41.71832060193254,-72.77354598573237,0.07637302292520134,0.08137451297798101,0.04845210434524717,0.5115888417205889,0.12095087931809202,0.8269694218409833,-0.7255327421730897,-0.6175706432491513,vegetation
41.73560442132016,-72.59721129891828,0.06168848865346315,0.11872641632797748,0.06722146257948264,0.47892658587948783,0.218986233213921,0.7538342844246831,-0.602691140546589,-0.37245390191174627,vegetation
41.86066557439281,-72.59261905385323,0.07816056117746897,0.10474036195167241,0.08200808629571558,0.38080809921958203,0.2152137553891924,0.645612712509576,-0.5685688645824781,-0.27783267098332304,vegetation
41.768017739905474,-72.63619301137307,0.06270512047411783,0.11788705816938985,0.08907468488589748,0.4278216262817344,0.21538795466692912,0.655347956789693,-0.5679487553401826,-0.3302713111043666,vegetation
41.82999670758706,-72.6899118560586,0.03619348874321105,0.052866287220000384,0.07664058765175072,0.4822189302905646,0.2481202220343404,0.7257250339622507,-0.8024004943887033,-0.3205342442768029,vegetation
41.77299469123873,-72.5257415854408,0.05057880010970299,0.10555775053919808,0.035089156338709925,0.49997466173719624,0.22426777230814415,0.8688412292018144,-0.6513555727186527,-0.3806831476154458,vegetation
41.86494033344398,-72.56612839643947,0.03184853636005871,0.0760891638914714,0.032921908338831074,0.37950621860093064,0.20778973172677295,0.8403508093247017,-0.6659792139454339,-0.2923849326363346,vegetation
41.82265163926234,-72.57883262248457,0.07327282740278315,0.10176020279335568,0.07805229552639792,0.36322020165228536,0.1504895695573688,0.6462399264607129,-0.5623032634475157,-0.41410664935181346,vegetation
41.80437955467505,-72.55688742079754,0.030225006246982954,0.08602405394814448,0.07063724396186383,0.35799396806472555,0.17217622248194042,0.6704055048726504,-0.6125199893546165,-0.35048697360971165,vegetation
41.85912697627674,-72.60538066969747,0.041882918168029866,0.10969467907423389,0.05088188540457086,0.5804030612088961,0.15886267464545772,0.8387989902894815,-0.6820894413326758,-0.5702149661735276,vegetation
41.798064050176635,-72.67679558238557,0.04374125253775335,0.11205902935203084,0.04125562091636948,0.372899129633656,0.16445050201093583,0.8007719536642802,-0.5378610410992666,-0.3879199227972861,vegetation
41.82352782952832,-72.57006778244616,0.07993716850333824,0.07074534399078154,0.05447651706787693,0.38694174506799905,0.19473335085099436,0.7531750643741688,-0.6908571568568074,-0.3304394421654464,vegetation
41.87951600745259,-72.59777093736862,0.05976064202066859,0.07746583650452558,0.0849179256171333,0.48416748095519435,0.137467698730698,0.7015635100235498,-0.7241408794802086,-0.5577222679058821,vegetation
41.753075692639825,-72.76253666609958,0.04009895188443908,0.05123681466999386,0.057196794990009805,0.5213258715369853,0.164628020109258,0.8022660189500427,-0.8210263577970153,-0.5200026645692998,vegetation
41.764076354301054,-72.5306055890604,0.06759815607874578,0.08785996458614659,0.04707245250670951,0.5921891356687087,0.15056262519448574,0.8527286688973013,-0.7416069970441248,-0.5945815732041934,vegetation
41.74506854610333,-72.54364314825003,0.05647710276425362,0.10196225645925837,0.06544468764982597,0.5264285864325637,0.15891982789692732,0.7788557432288589,-0.6754814058396098,-0.5362363884582526,vegetation
41.728274412325334,-72.69615198973615,0.037772078204171125,0.11120200557035652,0.04699481599500684,0.5016021364918839,0.22295667526837865,0.8286727048629391,-0.6370716255404745,-0.3845725932813604,vegetation
41.83676482187514,-72.6660195727681,0.05381286542933628,0.11962912242545173,0.07047584861874144,0.5699523796418283,0.23733201599850015,0.7799102365922975,-0.6530384818420493,-0.4120237743224277,vegetation
41.83751796724587,-72.73185337031207,0.05810853668687861,0.05713259101201815,0.0691753275938399,0.607944345610709,0.18665516835901447,0.795677690868264,-0.8281925357323665,-0.5301905800910757,vegetation
41.76659449857355,-72.77068088463128,0.07798872611646102,0.057210187889111114,0.032464745598290816,0.41643798510633334,0.1285189564093897,0.8553595539624709,-0.75842749470645,-0.5283335375013966,vegetation
41.771023568482356,-72.64581717167314,0.0456284974514292,0.05356723378024203,0.0366960220949536,0.4538161820572806,0.1278686986074497,0.8503767213768867,-0.7888490947548209,-0.5603506198705884,vegetation
41.81963794512198,-72.72617465920355,0.045103578439181925,0.07758880440246682,0.05499657798414887,0.3504483910721961,0.13456914822983068,0.7287100238922637,-0.6374669994908909,-0.4450957446879763,vegetation
41.85255291274818,-72.77967940374691,0.05540836779064376,0.08426514045550457,0.049985649660638266,0.46645829543954137,0.22147554787845597,0.8064237169013877,-0.6939838221391277,-0.3561138181245753,vegetation
41.848240741242996,-72.71230937871204,0.04612452204838649,0.06697379971198329,0.0587918040330639,0.5344797565678795,0.14967287381024466,0.8018047452889471,-0.7772935282776193,-0.5624576529727819,vegetation
41.74614714841098,-72.53809999942682,0.0324284644923479,0.08225387236676963,0.07269348249580666,0.390622583120518,0.12615862260071264,0.6862034887605014,-0.6521126335968281,-0.5117522804466427,vegetation
41.707641074327704,-72.54110596968202,0.03046298909105617,0.06318253823679462,0.03187701077409867,0.37986995624179487,0.2006194072616785,0.8451621343801268,-0.7147853176578923,-0.30879213341355877,vegetation
41.728327781747815,-72.63200486688802,0.05950976913830631,0.10946047331628453,0.030284483574712435,0.580409754022439,0.20048548123550664,0.9008194880178653,-0.6826635822840349,-0.48652399916543937,vegetation
41.71254869722099,-72.57903627908482,0.07277457708952928,0.06779844386279102,0.08512762085416084,0.4727035061806376,0.1984451790633318,0.6947907109211909,-0.7491278473376702,-0.4086401912828155,vegetation
41.87692990672353,-72.68600061955381,0.07065796729100565,0.07228793824799218,0.07795281133448946,0.5121981580929135,0.1481262403793022,0.7358207801975701,-0.7526444557003467,-0.5513531206115659,vegetation
41.76280521875785,-72.69741473506548,0.03390541965401819,0.05208843390697883,0.05078871932443085,0.35513921991072134,0.14151340848563077,0.7497648502829012,-0.7441802715574087,-0.4301312410544763,vegetation
41.82503666417018,-72.59589627872226,0.06692901932286913,0.07220072197909852,0.08340116742706172,0.5103342479676809,0.13638342442706144,0.7190628510121372,-0.7521154069576464,-0.5782288616853632,vegetation
41.708743732291104,-72.59979518899827,0.0386471968221039,0.08551048911074302,0.08950646855572264,0.3510820532780016,0.1221553742466824,0.5936958675945629,-0.6082824106757005,-0.483745929033431,vegetation
41.8786169163861,-72.62799390312512,0.036345498775925654,0.11281115398278656,0.08282281800766153,0.49477411154007134,0.20083296388189836,0.713215864660108,-0.6286573740865594,-0.422567794440363,vegetation
41.734637438300176,-72.76686487894328,0.05972838044454322,0.07063286352419341,0.06981726279962111,0.5757861977475023,0.12236087070886732,0.7837147194333385,-0.7814641685063003,-0.6494696426086498,vegetation
41.799142754937144,-72.71986705968142,0.07369442489519007,0.067756515459328,0.0666462079941251,0.4994560268241951,0.17150164500770235,0.7645435615864898,-0.7610895020531486,-0.4887855010601307,vegetation
41.81552415271996,-72.59129989497399,0.05834688976596934,0.10308955660293279,0.08900502455957626,0.46320354473321734,0.18689579674511902,0.6776398284671176,-0.6359144889468146,-0.4250238853646122,vegetation
41.682493975588244,-72.57303257535929,0.056011503352299694,0.07855730012523957,0.03564431778536375,0.5902072338523573,0.17135094120527233,0.8860933788784575,-0.7650673858016784,-0.5499990760592763,vegetation
41.81651631964185,-72.74116271934429,0.07807748147705162,0.06249092332752816,0.04197251957396942,0.5819253723505827,0.23863575673845105,0.8654506767301431,-0.8060541803593909,-0.4183595876558802,vegetation
41.72242948150466,-72.65785176907454,0.06667474522814149,0.11148560136675612,0.052743161702238306,0.48959526144934584,0.21642313336756552,0.8054972340121417,-0.6290495729827797,-0.3869192787145735,vegetation
41.82622719533056,-72.57643036619322,0.05849669093207632,0.057323056776334265,0.0842383974526824,0.5837045856166776,0.2237526666563833,0.74776769997467,-0.8211526212431578,-0.44578448945377486,vegetation
41.69997249543215,-72.72685668455883,0.0671800182553826,0.05161980662073625,0.08875347802243677,0.45182906369603376,0.21351062937980708,0.6716376457874638,-0.7949352569278503,-0.35819061570562455,vegetation
41.85751421769761,-72.67739622908098,0.0459566244299833,0.09261187902287726,0.06485936242488305,0.4604677939586952,0.19823071826280209,0.7530705898724769,-0.6651047451314924,-0.398113963870184,vegetation
41.8670762739133,-72.65841353327708,0.039837109037531564,0.07640441880181027,0.05364641895558711,0.38539934711707935,0.14117329507209214,0.7556226566744385,-0.6691043926426975,-0.46380315359651536,vegetation
41.81691241467874,-72.69173578390568,0.07774491959279038,0.06705177217510253,0.03593547030628934,0.5534462320100696,0.2345346867493231,0.8780570548252262,-0.7838775573076862,-0.4047198830180367,vegetation
41.7356226713743,-72.72745709357217,0.03928830674355436,0.08654086109565587,0.058104998474806255,0.42004875676072423,0.12587250520862542,0.7569610283780591,-0.6583393814431052,-0.5388620521774349,vegetation
41.776298268065254,-72.53057358961473,0.06262596003763315,0.08468545896400329,0.036641524441776964,0.4181577984483885,0.15832061344469056,0.8388672867456052,-0.6631735328428555,-0.4507318568104345,vegetation
41.83296071052145,-72.5520551927112,0.07508209267832192,0.11891980257755279,0.08894200098627195,0.607309765847355,0.12933687826537496,0.7445119560966943,-0.6725007965856485,-0.6488496097850073,vegetation
41.70755870718556,-72.70083870311623,0.05764491270322307,0.056788452209383555,0.08074781746812854,0.5165241683508734,0.19050737229928666,0.7296112344616195,-0.8018935911304785,-0.4611064391155644,vegetation
41.71306226467346,-72.71415357665595,0.0380156012491129,0.10963532104563589,0.06505367160367309,0.548484945430301,0.15848427217830335,0.7879394391891366,-0.6668228388324688,-0.5516515621022579,vegetation
41.75425052741765,-72.6747377092491,0.06800074858720175,0.10406470913721977,0.0424088116508419,0.6042154913192868,0.13568519386767922,0.8688301338008912,-0.7061481908709374,-0.6332340364480327,vegetation
41.85922441648473,-72.75389713213104,0.043226990557565556,0.10925349752475699,0.040769524340765244,0.4616633414536918,0.1784817089927364,0.8377115546519847,-0.6172700117927994,-0.44237104116241854,vegetation
41.72905179460464,-72.59533624765264,0.0725667324701102,0.11122025978989003,0.05035932874419366,0.49332960645770985,0.1522928325025347,0.8147494808755219,-0.6320559609739833,-0.5282294315922548,vegetation
41.72895930031003,-72.7380739436585,0.07700095054037573,0.11215921800239059,0.07664152279966154,0.48976861074768685,0.18377902901654336,0.7293779956948642,-0.6273333358409667,-0.45429538115262735,vegetation
41.7859491332365,-72.64049231646996,0.05172815423488451,0.05922283830244472,0.03753983117211216,0.6071074232783344,0.18266399874622558,0.8835337282119836,-0.8222417869422696,-0.5374256559499943,vegetation
41.87064110498104,-72.73747001179537,0.05772082760199668,0.06454020773460775,0.04519107636759609,0.35811473626551826,0.13546393039622748,0.7758967267416687,-0.6945962248836794,-0.45109487282981686,vegetation
41.86336968152584,-72.69640142221459,0.06040646059572958,0.08255098923924911,0.0540270747147167,0.49360924466343836,0.1443410627999944,0.8026899502353503,-0.7134443358574732,-0.5474849338221598,vegetation
41.87772077970392,-72.567239954137,0.15416146327315153,0.14156352267153477,0.11987402587642368,0.28730653732377087,0.3116912841501628,0.4111996656506103,-0.3398302382167489,0.040709241256319084,built
41.690021337939385,-72.69097504402923,0.15944570304958844,0.15849796194870291,0.19760901601683176,0.2669816614179804,0.28451046832691396,0.14931992562610663,-0.25496802552113046,0.031784328304090045,built
41.864756663218635,-72.6661227032407,0.14390136492641648,0.09025396498454162,0.22913790479345314,0.18494342175426481,0.2530332523734326,-0.10672899308850006,-0.3440783282567804,0.15546451361771693,built
41.771652408307304,-72.74645218513267,0.09523267101575757,0.15955110943332312,0.15108056090413033,0.2874963920247992,0.30702286386769473,0.31104195104108623,-0.286200643497974,0.032844136921321966,built
41.82523602567678,-72.66011414815972,0.14599513011292786,0.15596648923875894,0.16146191645866978,0.2920097751399099,0.31196986497854073,0.28788535447721647,-0.30368413846621845,0.033047620338189435,built
41.715447100249854,-72.60369554417125,0.16460075613079087,0.09442791139339161,0.1584522494949485,0.2827980303499722,0.39741990997380217,0.2818032906375166,-0.4993562162931346,0.16850758092218435,built
41.878361543299526,-72.64183240898471,0.14599957188011514,0.1232728309251721,0.22317962795657903,0.19861367816904582,0.395087249664192,-0.05824167769086551,-0.2340602824762098,0.3309302079284148,built
41.76062804082382,-72.63392707818362,0.1519782535021546,0.14598275669264899,0.21792122249823612,0.20708815806844966,0.37588507761009826,-0.025489000772976365,-0.17306835205371401,0.28954488681659374,built
41.74847248666001,-72.67387926625993,0.12400501082335524,0.10383877201435138,0.11192407827767087,0.24679838770348128,0.377658725052041,0.37598512002004614,-0.4077138196196131,0.20955856643399645,built
41.81258194284202,-72.7748607242109,0.11265468426717799,0.11175908319851166,0.20115968493072162,0.2777008642233808,0.29180287921749093,0.15984022786564409,-0.4260817630242949,0.024761935556222123,built
41.8135698317696,-72.74636567110085,0.10751525256017133,0.10525199458567615,0.1368576996578998,0.24795784757588446,0.431168651138903,0.2887101332485633,-0.4040256979162367,0.26977419362922184,built
41.72050448158484,-72.63905945091281,0.15013911012434322,0.19482147153341223,0.17930786277533262,0.1808171089643809,0.3713504129519266,0.004190895682010994,0.03728148091304373,0.3450643082488741,built
41.7440982323356,-72.52620661842015,0.11996761351636369,0.16539704928371157,0.1030195857050786,0.20400983138156087,0.42377259879772744,0.3289269368217711,-0.10452642903757164,0.35006199098850943,built
41.80204548888665,-72.66457484953705,0.17359374994357257,0.18393828137619522,0.141888037596982,0.22712774432661434,0.34286309377941715,0.23099203585629027,-0.10506697282164597,0.20304773641163923,built
41.80644050002297,-72.69313107059072,0.10442050007658882,0.19039390187810898,0.2201036849348058,0.27493166172191663,0.4454229304605579,0.11075568069512168,-0.18167443711833714,0.23667686801593094,built
41.82899830515594,-72.58118652057388,0.15625900919626406,0.14286683940365372,0.15933878528685533,0.1784362041838405,0.375412030815451,0.05653887792850338,-0.11070347912997867,0.3556494616830592,built
41.73786402722047,-72.71296981347739,0.13859613740960547,0.13509806270475475,0.1284513591433022,0.27056896268045294,0.42071968305181895,0.35616632979390767,-0.3339460481094306,0.21720408876716552,built
41.713539903935555,-72.77804817147201,0.11361299685293737,0.1777261919248828,0.2090926026104622,0.16213265121856787,0.40261053924844076,-0.12649988358152486,0.045882403888878806,0.4258181277600039,built
41.70314083346189,-72.6785837265593,0.17986095150119158,0.11118499055540007,0.12001526573509144,0.20764805320748697,0.3701303904536709,0.26744765863692177,-0.30255039287529284,0.28121910574682635,built
41.866580156482655,-72.52498650216141,0.08696406365913946,0.10517972690826959,0.2027959366064792,0.18330114436333766,0.42581830249633573,-0.050491944135328884,-0.2708027645324049,0.3981438441725999,built
41.81269065144582,-72.75092035138103,0.1632529284924007,0.10939920180088834,0.15505440130835502,0.22834958856949278,0.34516089130685845,0.19116959968123845,-0.3521859741915327,0.20367771267675905,built
41.81723258312303,-72.610301448934,0.17920420055280548,0.19993641001466067,0.16713972234263333,0.15523185391373825,0.3928470927834309,-0.03693833236533588,0.12586866744922554,0.4335419929950028,built
41.87533281564332,-72.69723513921646,0.12612088858375736,0.13672546172970015,0.10668449009240082,0.24756230899575116,0.31420091596437827,0.3976826869458708,-0.28842147918684813,0.11862401098497809,built
41.837492774926304,-72.56364878042667,0.16212307865978454,0.13583325978438682,0.14180093869131694,0.25981132474672874,0.40829178110697184,0.2938415900081611,-0.3133571640043304,0.22224182923160507,built
41.778251489278276,-72.54781193492056,0.09439086960785582,0.18669756576248564,0.11249238028634458,0.16456408352873825,0.3521064027875317,0.18794617719927353,0.06301138276384101,0.3629824505671358,built
41.69350369603748,-72.76627015363597,0.08005187441657055,0.13799483256636896,0.2007011045679899,0.14557413604478653,0.3769740973578296,-0.15919985623473815,-0.026728254207570575,0.4428298605207467,built
41.84462546348324,-72.73631977936975,0.09468637348214043,0.18468810709825897,0.20700619929351233,0.22623068260226992,0.4120319746517359,0.04437406904193848,-0.10109680196003332,0.29110475121455165,built
41.6985512154849,-72.67743480533592,0.15377975561063728,0.11831971552563597,0.19780275887636187,0.2206685767025302,0.3975558574691289,0.054641300089376316,-0.30192447209358275,0.28612146493951635,built
41.77293592757147,-72.68434487154232,0.10191892164786323,0.11292172755785165,0.1976938053742815,0.1590256556854337,0.25805629352329845,-0.10839932751068693,-0.16953253080702474,0.23743688266955912,built
41.71525827300442,-72.73440990702198,0.16231076228068997,0.13383572858216336,0.22875049945686274,0.161953801246498,0.3772433633956651,-0.17096483988047942,-0.09506108171111491,0.399277993778108,built
41.76974590144025,-72.67784127405876,0.1675084199054082,0.197315521041124,0.21347166464064327,0.1707681086456213,0.28636756345387615,-0.11113778157267219,0.0721233172420508,0.2528777819445562,built
41.81121477581902,-72.70483826877407,0.15347251307805798,0.1523062715890609,0.1716181399037524,0.2725675079742057,0.38921188206596236,0.22726841480071766,-0.2830516783331815,0.1762586986649383,built
41.685315552999455,-72.76714062434203,0.14015584524560157,0.1434811283184503,0.1338240051945889,0.20698497397036825,0.3991611669339007,0.2146685482144185,-0.18119825351778107,0.3170459729015805,built
41.845322296931585,-72.63408200234859,0.1185369480857103,0.11977664376446177,0.16784940120000297,0.19035993897030096,0.3584599787799168,0.06284185040958389,-0.22758777627405516,0.30629362086330575,built
41.81533047650193,-72.76281940516095,0.08010674650227473,0.11335048527248173,0.21628649470344152,0.24340652211656946,0.2761116739067748,0.05899595256141679,-0.3645507562581912,0.06295285139297753,built
41.858052792364724,-72.65781145552529,0.12760917566786606,0.19290961382269206,0.1077332699838342,0.17442852394059497,0.3630119782824917,0.23637237710015274,0.050310838930659366,0.3508917797632182,built
41.7190973019164,-72.60332297760567,0.10140922893367202,0.10090726676586957,0.12690807075330918,0.20763744548352997,0.2769890428263468,0.2413105864885333,-0.34591478797208947,0.14310319187190707,built
41.70693840498467,-72.55632670958308,0.11203972035973078,0.12968345551700788,0.10718515323515959,0.19717913976032866,0.2956095072375317,0.2956785293027231,-0.20649558933487636,0.19974154858650875,built
41.80209701346836,-72.72659852260517,0.16883654530628406,0.19226332830115106,0.11297803743298274,0.15718447300617236,0.26421855200330746,0.16362905238528874,0.10038367722945964,0.2539945673022335,built
41.80391385126207,-72.7482880693055,0.16523823179302663,0.17296986664316819,0.20657515157094314,0.22416968430176334,0.44930221441902224,0.04084676417576306,-0.12892147744230759,0.3342864498799177,built
41.68883502058883,-72.67567110931161,0.11239366689376362,0.19435100485839052,0.1749919246046871,0.26899055447115605,0.27577165066828896,0.21171698050366458,-0.1610896931429347,0.012447809582159106,built
41.87572682878009,-72.65035371781215,0.12936720762706458,0.19679732014003115,0.14949520695822888,0.20360400392879888,0.3627980675890367,0.1532396428602663,-0.016999653546594266,0.28106193756253756,built
41.70561052210956,-72.69651773713292,0.09932083224451305,0.10136118270177545,0.21259879882303262,0.23429298658039616,0.31532128622086136,0.048544610722211515,-0.3960379939951528,0.14742757539297988,built
41.76173387547335,-72.66780505904129,0.14331491821447095,0.19194463306378928,0.22126135055540774,0.20263871672490613,0.3091451165155316,-0.04393166047361573,-0.0271022172294996,0.2081081755089134,built
41.77020930003705,-72.63233710008859,0.12618179114497483,0.16246287507983712,0.17207187303936927,0.19131448747105217,0.31260346921015286,0.052953595739405994,-0.0815530201909538,0.24069192242703122,built
41.75571855751195,-72.75539366025517,0.09660626324139732,0.16954251823599248,0.1505825724978704,0.174326235609623,0.35816120622072,0.07307792992764044,-0.01391146278960322,0.34523813365286665,built
41.83110790849469,-72.7130701857902,0.16267898819237445,0.19202553455875548,0.1776612887795993,0.24703162543865273,0.25104095796784165,0.1633423453432134,-0.12528230010010985,0.008049695290930645,built
41.869103978204386,-72.67795396909112,0.17239004005454298,0.1536875277225267,0.1006004438496326,0.14616671989174973,0.3828879491906836,0.1846529147203379,0.025081545086036296,0.44744190559643227,built
41.79253360276639,-72.77310156632642,0.15434599612223854,0.18373598707761,0.16453427271711007,0.21452119045716078,0.24114935285527175,0.13187230523325608,-0.07729980805396286,0.05843731351283169,built
41.83732994249872,-72.69401382264601,0.16787636197825395,0.13103666463138583,0.17346012838199174,0.1832546861118924,0.2737235456428329,0.02745767019459912,-0.16614527048553648,0.19797192348430726,built
41.83498158067627,-72.65088647549996,0.13364879237522506,0.1961957548829909,0.22526538858887998,0.27690273947238453,0.27939795148065705,0.10282880971132598,-0.17059235138628298,0.004485365646405684,built
41.79885453886032,-72.55168166958956,0.11744639364489377,0.10112167825291435,0.20542517729118986,0.21708216821794746,0.3585224628754275,0.0275900313939169,-0.36442202459564454,0.24572473364019115,built
41.87642885926357,-72.62212502807154,0.12249793856661013,0.13069828046319176,0.15429050804502595,0.158943853308587,0.4068976172676901,0.014855794375342698,-0.09751886742987168,0.43820359032111306,built
41.84754337163741,-72.70605674501091,0.1103796618409944,0.18617676819682946,0.10311614621863421,0.22327319100275644,0.33737190008311524,0.3681402272728641,-0.09060062645614862,0.20351325802098705,built
41.818025353915694,-72.73751815796115,0.14683307407951537,0.13144074086623642,0.18043292116205348,0.14641520157964416,0.33696271140874695,-0.10407806322110325,-0.053892893495788366,0.3941998686929641,built
41.784450178796476,-72.7242751352577,0.09396236541791207,0.11073217333135316,0.14473834014823525,0.15548962388879545,0.43893715710321696,0.035810400856710715,-0.1681209090494972,0.47684179494973045,built
41.760998812299164,-72.56966790334825,0.17744171231088465,0.0988808808003013,0.18471703083154922,0.2794254538785942,0.37318923113301294,0.2040503211124711,-0.47724438246993195,0.14367402298455959,built
41.76580522427148,-72.66792014701413,0.08358988860073589,0.1488060826418203,0.2291605895822902,0.29339320415550946,0.24848383805685426,0.12292057840354918,-0.32697276054168944,-0.08287741055664624,built
41.8211594007259,-72.7015411346588,0.17029891534061367,0.09496262202802064,0.22166363326144048,0.27399611900604426,0.2646759202730463,0.1055814709691465,-0.4852398847531138,-0.017302176562702686,built
41.69196486746346,-72.562976007275,0.09557576709745794,0.14883879682734577,0.21904683152423227,0.23079169816789175,0.3234189933092931,0.026109072185741485,-0.21587544315051424,0.16713372110255387,built
41.7690032109708,-72.763589535617,0.17687523213615988,0.12417196035891911,0.124617253917471,0.18576756829446325,0.4425183709272106,0.19701451231155281,-0.19873427633823676,0.4086527910378075,built
41.698857210697604,-72.55450120946969,0.15078438944014477,0.1813021097074931,0.22686668024782652,0.2747447448826995,0.4381102937683491,0.09544851300469177,-0.20489700616217318,0.22917078512174063,built
41.70538705135819,-72.57309497305658,0.13456756940810477,0.14978451545878468,0.2168598049216668,0.2954886109834738,0.388016047839068,0.1534674522666326,-0.32722409431907074,0.135372064639602,built
41.776587677894355,-72.66133499694551,0.11863414572231817,0.12977589325299288,0.15089588941897608,0.15436051764019126,0.256261577904692,0.01134989517367817,-0.08652401960704896,0.24816263267392144,built
41.83597396877447,-72.66402104784073,0.17306844885446204,0.15734431094533477,0.10457287768397458,0.16520373461079674,0.2832221565327316,0.22474467453306837,-0.02436667582936642,0.2631837818752542,built
41.87514720487793,-72.72313690120058,0.13157556762880512,0.19297946248042158,0.22703505488886647,0.17781766966136714,0.2503147051875084,-0.12156861555563646,0.040889725148296835,0.16933322445360893,built
41.71072036650755,-72.76353459553734,0.09951242410923364,0.1525426686174109,0.21861834351843346,0.2259550213910944,0.37145780690680696,0.016502738246934778,-0.19395720161999894,0.2435548395073251,built
41.72037345032191,-72.5718482586248,0.1417788908505583,0.18505505121119975,0.22334960391075193,0.19566412412105477,0.25902160229244225,-0.06607296596162021,-0.027865874894786844,0.13934345085152153,built
41.72518579158336,-72.66616119292428,0.1745693651824473,0.13161408046107567,0.2002005177764981,0.2264762707473208,0.2783898417905051,0.06158233510130552,-0.26491132745165347,0.1028264122981611,built
41.74414682379069,-72.61017010989407,0.14728533946848935,0.13782357214899507,0.1297239283460749,0.2555050847220282,0.2754633387386701,0.32651008129991743,-0.2991938434112676,0.037588400994845984,built
41.86733393837303,-72.73114506945052,0.07965811265492684,0.12976477023653787,0.20312793569755105,0.27147472466008404,0.2960668476545447,0.14400844047319608,-0.3531804725755058,0.04333096321766453,bare_soil
41.87896297856592,-72.65356704070565,0.1130151922665848,0.12217660627145613,0.13069212075223408,0.28673219360693086,0.25015290988910016,0.37381644405226244,-0.4024261336132042,-0.06813242438584649,bare_soil
41.80752179604581,-72.76678329989339,0.15832483911277015,0.12690050790126722,0.2634808594545118,0.26560101118192825,0.2132727800863288,0.004007228077700177,-0.3533757107606551,-0.10927353313074938,bare_soil
41.84444270921876,-72.61147223028654,0.14035813428165506,0.12281698635088734,0.22206987907946318,0.33412122068338934,0.3388343974318152,0.2014619465354666,-0.46243503186996854,0.0070036962639919665,bare_soil
41.749534726967184,-72.60774230546478,0.13046687697526607,0.1760586962506625,0.17934597144666709,0.2565147181525436,0.378667051461153,0.17704910891788825,-0.18599391276248714,0.19231082998950003,bare_soil
41.78115246294855,-72.58849099578991,0.11137385180082329,0.10154951418127005,0.23923261484496175,0.20360793045324777,0.2436884059768878,-0.08044585070168828,-0.33444511371568025,0.08960608942948564,bare_soil
41.80536499655684,-72.58570985195006,0.15052190981810337,0.10725864974158916,0.1377158813760887,0.35208839871407327,0.23397307936487133,0.4376697510657183,-0.5329951499538498,-0.20154083448100538,bare_soil
41.71953339645093,-72.7042543420748,0.11764522186236587,0.1682825566034078,0.24168736363677873,0.3074683596916743,0.23853972492832082,0.11978568784860247,-0.292560241758814,-0.12624105156121582,bare_soil
41.751536526305195,-72.65561471921747,0.08326833581370273,0.10734297021266725,0.1693333126324551,0.20290971569922706,0.32105273221981667,0.09020022004778595,-0.3080287450394511,0.22547993084199738,bare_soil
41.82100563930484,-72.76181777581601,0.11330107915868348,0.1582211195267795,0.23967842063239153,0.3267131573193757,0.2986129392975335,0.15366530872815326,-0.34745334746887796,-0.04493690279978371,bare_soil
41.84411141652797,-72.71740420148429,0.10247295052757638,0.09763555764178013,0.1947975263085715,0.25057080403477977,0.2530039656111487,0.12522955478942685,-0.43920865103279577,0.00483177816489835,bare_soil
41.83035614184616,-72.69839983925097,0.09455238971312521,0.09308903308504951,0.1902114722883118,0.23453363319071435,0.2812400250950131,0.10435002153212843,-0.43173020265517664,0.09055598546761072,bare_soil
41.72719945252411,-72.58157957264682,0.15370030126192458,0.12979318527888875,0.22287974773453323,0.3360910097892071,0.41974252021340486,0.20253521410709144,-0.44280923605954237,0.1106745164162123,bare_soil
41.80270329694597,-72.54865733869963,0.15177474219000778,0.15914514878076225,0.19374902257169763,0.19460772007630187,0.20347722219682945,0.0022111049205666786,-0.10024673838014433,0.022280426056512603,bare_soil
41.775440126656584,-72.651478221281,0.10666261490766751,0.13681673512913645,0.20834603252870834,0.3305903473858847,0.22390456271769774,0.22682513078176095,-0.4145714078915801,-0.19240173845465514,bare_soil
41.72503553322111,-72.57381870547049,0.14630531805012892,0.17948242136208678,0.2596659226219335,0.34018182127301955,0.2691565473785791,0.1342272259428323,-0.3092369778918412,-0.11656130246912218,bare_soil
41.76033232680187,-72.71029787274665,0.1245669458373444,0.17388053542070384,0.17514254184185885,0.28026032073866103,0.2651859186997667,0.23082371134242988,-0.2342440321657097,-0.02763682458314204,bare_soil
41.71395999475454,-72.72925176224715,0.0752150810084317,0.17492935230092574,0.18446073736122076,0.33014176056037947,0.349892483991732,0.2830942791524367,-0.3073080291211898,0.02904371888559948,bare_soil
41.71838423228222,-72.73437981588944,0.14307893813594905,0.10647117106195374,0.26612562939231615,0.2052099728441083,0.3490958951799833,-0.12924051622489624,-0.3167942742532848,0.25957856597978746,bare_soil
41.84289477520619,-72.71883333901194,0.09485866271109095,0.17645188861392017,0.16233561685538533,0.2573922689820086,0.29515343051332055,0.22647209140507052,-0.18656556496370807,0.06834034101758697,bare_soil
41.73060694998594,-72.57829431752636,0.139466440890624,0.11783180142237856,0.25362012657291744,0.21835348819182043,0.2009472706468893,-0.0747216312053295,-0.29900679736700847,-0.04151248758323065,bare_soil
41.79423347241115,-72.52153977916238,0.07347798788441962,0.10079980737084605,0.20302634279793347,0.3257893325600767,0.2195892411165117,0.23214703247787088,-0.5274150327072626,-0.19472728957361288,bare_soil
41.75904693075178,-72.58576029183622,0.10343888875657255,0.09888364204756389,0.15127933238345398,0.25380878164469894,0.3054717564572961,0.25310406726502804,-0.4392641553659031,0.09237398996203842,bare_soil
41.8523628835632,-72.61301437117233,0.13213617590639515,0.1782987171535907,0.1858949504481558,0.2526037925848431,0.40313633289967865,0.15213006467310944,-0.17244057240779834,0.22956127658591596,bare_soil
41.72917511740101,-72.59024803596125,0.13791158243963214,0.08977879974454431,0.19491702491097346,0.2161012448378797,0.24078256001654685,0.05154082308762228,-0.41298034092346914,0.054020989399112464,bare_soil
41.77276562209258,-72.70474827604791,0.1416454402863284,0.17076048913904823,0.24843529684613852,0.22788555707189972,0.26030956661149385,-0.04314264136286345,-0.14329771604613667,0.06641608645116637,bare_soil
41.730945670023495,-72.74489009502538,0.154941853129334,0.12020477981570693,0.1559503159273398,0.33240078909148385,0.2878229665847139,0.361318877649192,-0.46883207775839114,-0.07187377474467914,bare_soil
41.687023362221936,-72.73789519173509,0.1275325306320553,0.1582905274171724,0.15374950215819408,0.3451312060679056,0.38721936641147614,0.3836221781159248,-0.37114146295845485,0.05746996305482574,bare_soil
41.849676150812215,-72.7208081018322,0.0745482389785052,0.16674235394825837,0.1689280365981708,0.29140494861123467,0.36719271441416057,0.2660615596715259,-0.2721015576574046,0.11507445297449158,bare_soil
41.70565865170222,-72.57698202782504,0.15446603130649594,0.1528374965746409,0.1905956397568893,0.3378020649753065,0.31604067861596297,0.2785902056350241,-0.3769866576114574,-0.033282293904215964,bare_soil
41.828954185563354,-72.56666845459677,0.13744175755291055,0.10878548760481539,0.13885502414493298,0.2229009352851708,0.31063248613567773,0.23232764782269372,-0.34404618279538457,0.16443496757310866,bare_soil
41.78105538445862,-72.62851246917822,0.10555916537931018,0.15868913814500277,0.26610460005555325,0.22441050962630482,0.36203510789441534,-0.0850006240506856,-0.17155163640488288,0.2346758065137182,bare_soil
41.81559437050901,-72.64399647018737,0.08696772104867442,0.15952322585827095,0.27370020570061326,0.30993053980205043,0.40192919925766146,0.0620774939987664,-0.320387916650792,0.12923705950434997,bare_soil
41.8768370529896,-72.6884668246978,0.12744011976337033,0.1273932737638078,0.2778605994981168,0.19688540832139048,0.2907224811453894,-0.17056529142528803,-0.214297573034187,0.1924437131782543,bare_soil
41.85510780890545,-72.70614665926311,0.14090135655749855,0.11827831627802557,0.27679656638242534,0.3390353705562673,0.2662904786857754,0.10106459317980772,-0.4827256665034669,-0.12017476531289598,bare_soil
41.834038622707574,-72.69241729860335,0.12457265561939816,0.1458480768393292,0.25273526545371283,0.18440115135876267,0.24843473605350594,-0.15632217190512498,-0.11673933268455164,0.1479396384564397,bare_soil
41.822383562117714,-72.63348395838791,0.11460445703810287,0.08552099567079804,0.175724141353833,0.33571804174391673,0.2067964241479271,0.31282890945955627,-0.5939550322986725,-0.23763719808660652,bare_soil
41.75928724707296,-72.5342614452056,0.07457926610905133,0.15497057510446366,0.16121801858912582,0.335989589787661,0.36413495537106033,0.3515062284929725,-0.3687040774947015,0.04020051257739953,bare_soil
41.857141034171676,-72.72385955448787,0.11781634793367446,0.1579269943574801,0.15931195887919697,0.22153433494809904,0.20598006936946872,0.16337923481833413,-0.16762535646786855,-0.03638302106676211,bare_soil
41.87170305879509,-72.5953956111858,0.12720043186091665,0.15439947226949907,0.20505806699127033,0.26570408779627386,0.2988970930471746,0.12882518313812458,-0.26494566127777763,0.058790180355829676,bare_soil
41.80808784242073,-72.72760090639798,0.14992528255133827,0.1611752371219265,0.17593017783232542,0.28414967342625436,0.23102600598900322,0.2352189414465492,-0.27614542414200505,-0.10311757631406118,bare_soil
41.874469249586724,-72.54524790121613,0.15297077558492805,0.11321630477034517,0.1470615531812569,0.21811898942393584,0.2198003060299198,0.19458166017213352,-0.3166058264595265,0.0038393298113101964,bare_soil
41.70402212602028,-72.76146082111194,0.15908407622843862,0.08740576833690736,0.1412067329522262,0.32890582720633255,0.3276528476834475,0.39926415535632476,-0.5800944808042031,-0.0019084044896602733,bare_soil
41.83488344091387,-72.6159628779791,0.14939575632960533,0.14384675277647407,0.20354001486450415,0.3082949448770339,0.29842640539426407,0.2046654454112083,-0.363709414446845,-0.016265357199572877,bare_soil
41.749212764580946,-72.65841036236294,0.08527426945887047,0.15965717298026916,0.16171260501375115,0.20763567834066854,0.2541974931923099,0.1243354183478104,-0.13062738680551159,0.1008195550291183,bare_soil
41.84841403035445,-72.69414766314459,0.13174448825553103,0.1656409630655739,0.13243914670800674,0.3177043929320477,0.2676864026033866,0.4115692660438568,-0.31460616716305445,-0.08544375946825675,bare_soil
41.72332447283681,-72.60088562236223,0.15188169604599105,0.10950192087123954,0.21101340886149106,0.23217014049290846,0.3219428288598141,0.04773807976906438,-0.3590232667309936,0.16201152712915576,bare_soil
41.80437240613087,-72.62131279891454,0.12611917326784713,0.09350797922175241,0.23096647513387514,0.3014550641484402,0.35016938688771426,0.13239244435824496,-0.5264975759561946,0.07475827934604501,bare_soil
41.69481411054774,-72.66382190097232,0.10681316188411569,0.08867114836431991,0.15557886846348973,0.2593732737236466,0.3634393881687781,0.2501358463004328,-0.4904607415779316,0.16709055677982715,bare_soil
41.727412415396934,-72.56426502336753,0.11912184571655171,0.15604216851846175,0.19560895733389716,0.2698549605760002,0.3363382656635209,0.15950968568196366,-0.26723070967753654,0.10967345428774479,bare_soil
41.865594121633166,-72.65212872883264,0.11757917842974619,0.14019969635275295,0.23800242196763616,0.19293306038752217,0.31345123647483386,-0.1045849400327861,-0.15829534312617136,0.23799745930919067,bare_soil
41.77631831784121,-72.54036190409823,0.1144155922392707,0.1268320534694331,0.2739519981655524,0.26110376344815867,0.23979457467085988,-0.02401288919615378,-0.34611836320142764,-0.042541943455670854,bare_soil
41.72338322456116,-72.7552512400324,0.07005113163330501,0.1231945661000482,0.24307881300771544,0.31202395970397045,0.20707279931662706,0.12420249021538275,-0.43387260056331606,-0.20218034222629194,bare_soil
41.793996580718805,-72.7398863873925,0.15469686562882276,0.09673649996441792,0.22026227483159705,0.2387229051895302,0.3411434917121575,0.040220536874596716,-0.42325957491027055,0.1766279044101809,bare_soil
41.76245171929281,-72.58249280640034,0.09076112127950721,0.17057918529142602,0.20003354389013633,0.31609676658831354,0.38694064210826995,0.22487193707067363,-0.2990030239522617,0.10076828721148631,bare_soil
41.87976572219096,-72.72177412694558,0.09582031722071094,0.10504330867318883,0.1620594131455652,0.2848400534770879,0.4185749550920854,0.27473883837770285,-0.46115521270845655,0.19012233174698623,bare_soil
41.87805561741855,-72.6430389598458,0.12751244892382063,0.1659970543701606,0.26926935335256086,0.2166949129193179,0.31627918036733965,-0.10818581546452542,-0.13247693414690376,0.1868463565159833,bare_soil
41.8465674109323,-72.70116746007501,0.109582813823242,0.1785621101512008,0.2776074714753394,0.3430992259377327,0.37565863586217263,0.10551159627460796,-0.3154098347025691,0.04529955309692898,bare_soil
41.73382610014456,-72.69657898074253,0.11925545570843873,0.13607773745620122,0.2008804510971307,0.2946006503849351,0.28983106497925754,0.18914989695363113,-0.3680772414036434,-0.008161065322584978,bare_soil
41.82983483146311,-72.69327701911563,0.09976092972517174,0.0927225961891828,0.1501939536046271,0.33309375820584436,0.29818211448769716,0.3784491103985366,-0.5644949038140294,-0.05530330752098199,bare_soil
41.72557355731057,-72.58257131399418,0.11985830132351735,0.08211560114232935,0.17061783317387444,0.21186025400184139,0.34429202941622494,0.10782949980875531,-0.441344588642775,0.23812142710350612,bare_soil
41.73500620812605,-72.76311383740541,0.07494414902779024,0.13817272979587147,0.12347575291265434,0.33278258036449593,0.23418736623660064,0.458746311433834,-0.4132236039601228,-0.1738984838948862,bare_soil
41.801313267039085,-72.66438111271721,0.10985663691087123,0.08717971423600458,0.24844036003395453,0.3407494472555854,0.20242366682453028,0.15667122220983756,-0.592550720628008,-0.2546624213264221,bare_soil
41.71572083513942,-72.54498491091317,0.11945442515200524,0.09500395782482102,0.15244647241746542,0.29879752396268056,0.35945970089431206,0.32432797492982746,-0.5175032994107122,0.0921557328061389,bare_soil
41.79988536171599,-72.53218142122275,0.11446572432955994,0.11002719121425267,0.19635726559612743,0.24473993285998996,0.24937149638843098,0.10968708809125635,-0.3797216046928457,0.00937352033221729,bare_soil
41.689192649868026,-72.68842475167307,0.13402684129387682,0.08184378028751939,0.19026856211294957,0.2959216922609763,0.33428890401834754,0.21730820228817171,-0.566695284588177,0.060879985173029366,bare_soil
41.83532968717775,-72.56926487392845,0.1340535238827449,0.09027976961447494,0.1960035910406977,0.28861307234776956,0.25402452853807933,0.19109842542256203,-0.5234548684164847,-0.06374151690414538,bare_soil
41.68851036352935,-72.72186651657223,0.1109404961559375,0.12139303190546008,0.14826671701234587,0.3283947976830287,0.4036510671220794,0.3778951627462505,-0.4602209134181214,0.10280266996533897,bare_soil
41.72026966381054,-72.53831104195253,0.07160748632576629,0.17249624727069454,0.2723086064129453,0.18216933534286653,0.3678642452908846,-0.19833585480923085,-0.027273827927960115,0.33760649619621325,bare_soil
41.87404031451397,-72.54446542310737,0.15736391450765919,0.13503235056976393,0.1325049823816621,0.3329620556049065,0.33504221627798253,0.4306579346420416,-0.4229317753026067,0.003113993069554381,bare_soil
